FID,OBJECTID,GRIDCODE,Subbasin,Area,Slo1,Lat,Long_,Elev,Cell_ID
0,2,2,2,4630.77,0.996432781,25.8281044,78.94045407,168,2723
1,5,5,5,1067.58,1.223048091,25.80099614,79.01709986,165,2898
2,6,6,6,1026.27,0.996096015,25.81944474,78.98561074,166,2728
4,8,8,8,1348.65,1.149033904,25.79485111,78.99180736,169,3062
6,10,10,10,1573.83,1.213056445,25.79398105,78.92603655,175,3554
7,11,11,11,1234.44,2.217616081,25.81983914,79.14884531,157,1747
8,12,12,12,2157.03,1.427184463,25.81473407,79.05515301,161,2237
9,13,13,13,1418.31,2.302203178,25.81896726,79.21902068,134,1587
10,14,14,14,1208.52,1.572315335,25.78961479,79.12287378,152,2410
11,15,15,15,327.24,3.080907106,25.8023441,79.24751997,122,1758
12,16,16,16,5356.53,1.642733574,25.84277757,79.20136518,156,1088
13,17,17,17,357.21,3.328479528,25.80396274,79.39785753,114,609
14,19,19,19,2476.98,2.532571077,25.79256846,79.19028482,144,2251
15,20,20,20,2131.92,1.415658355,25.77860265,78.93868107,176,3555
16,21,21,21,3609.36,2.854308367,25.80985622,79.27969422,138,1263
17,22,22,22,2388.69,1.688194752,25.82350581,79.33080028,149,769
18,23,23,23,1581.93,2.863901377,25.79638291,79.36675002,135,939
19,24,24,24,2909.52,2.036559343,25.78314506,79.07453059,148,2738
20,25,25,25,1875.96,2.458371878,25.775648,79.393472,130,1276
21,26,26,26,2174.85,3.126616478,25.77743572,79.31499802,135,1434
22,27,27,27,2091.42,1.362672448,25.77457889,79.14227657,160,2578
23,28,28,28,758.16,2.364057541,25.75302328,79.06870099,160,3402
24,31,31,31,2142.45,2.049299717,25.75126707,79.20314677,164,2752
25,33,33,33,1013.31,1.603674889,25.72860311,79.02693993,168,4063
26,34,34,34,839.16,2.33091712,25.75205007,79.35296685,135,1936
27,35,35,35,1235.25,1.124909163,25.73273673,79.12933186,165,3409
28,36,36,36,1698.57,1.146919608,25.73854328,79.09849747,167,3406
29,37,37,37,1049.76,1.105377197,25.74756878,78.91391171,179,4384
30,38,38,38,2872.26,1.464434743,25.76285809,78.98736909,170,3560
31,39,39,39,2600.91,1.778641462,25.73853451,79.29070253,155,2428
32,40,40,40,1615.95,1.17271769,25.7247828,78.91234349,176,4716
33,41,41,41,678.78,3.446876526,25.73081665,79.05171791,146,4067
34,42,42,42,5187.24,2.210306406,25.73981196,79.24189404,153,2590
35,43,43,43,1970.73,1.529956102,25.73431283,79.1658942,164,2914
36,44,44,44,1084.59,2.270328522,25.72930375,79.33384008,133,2265
37,45,45,45,3963.33,2.107037783,25.73349801,79.38619815,132,2104
38,47,47,47,5334.66,1.199444652,25.71473098,78.93839383,175,4554
39,48,48,48,3869.37,1.78498733,25.6982361,79.10005038,169,4071
40,49,49,49,1125.09,2.004547358,25.69168672,79.35498284,144,2768
41,50,50,50,954.99,1.40537715,25.70434654,79.17291264,166,3747
42,51,51,51,2504.52,1.493805289,25.70381366,79.27537792,162,3092
43,53,53,53,644.76,3.134876013,25.7014394,79.01756617,148,4562
44,54,54,54,1212.57,1.33757782,25.67510837,79.1231601,174,4406
45,55,55,55,1794.96,1.376400471,25.71810162,78.99970418,171,4558
46,56,56,56,1305.72,1.566457391,25.68163709,79.18452041,171,3914
47,57,57,57,797.04,2.186007261,25.69798971,79.32317332,136,2930
48,58,58,58,2047.68,1.089167833,25.68489032,78.92038309,177,5383
49,59,59,59,1854.09,1.918992043,25.68030881,79.05898034,175,4566
50,60,60,60,578.34,1.335053802,25.67195511,79.15513033,167,4575
51,61,61,61,1727.73,1.038547039,25.66898681,78.93738456,178,5385
52,63,63,63,1676.7,1.469202518,25.64261888,79.10061115,184,5235
53,64,64,64,5019.57,1.570875168,25.66529997,79.24256749,167,3920
54,65,65,65,1901.88,2.163208961,25.66585572,78.98950855,161,5057
55,66,66,66,4147.2,2.22772646,25.6708929,79.3974728,145,3105
56,67,67,67,2061.45,2.330374241,25.63519289,79.02012783,183,5726
57,68,68,68,4047.57,1.872818589,25.64430211,79.04924357,185,5396
58,70,70,70,2662.47,1.729982257,25.63559418,79.15857319,179,4909
59,71,71,71,1197.18,2.38540554,25.62387546,79.39877391,145,3936
60,72,72,72,3018.87,1.530817747,25.65417214,79.31037054,154,3762
61,73,73,73,5356.53,1.320916295,25.63675408,78.89562512,181,6378
62,74,74,74,2228.31,2.765560627,25.64598725,79.35686663,131,3764
63,75,75,75,2397.6,1.63184011,25.62226843,79.12087533,180,5404
64,76,76,76,1811.16,1.369752169,25.61437429,79.1940111,175,5080
65,77,77,77,2517.48,1.406884909,25.62743869,79.24590047,161,4586
66,78,78,78,2960.55,1.493234158,25.60182567,79.26848093,165,4921
67,79,79,79,2041.2,2.250477552,25.60723885,78.93952969,174,6717
68,80,80,80,3657.15,1.298422575,25.59187726,78.85921414,190,7372
69,81,81,81,2973.51,1.719238997,25.61253533,78.98205924,179,6387
70,82,82,82,2437.29,2.024054527,25.60867793,79.33723026,146,4428
71,83,83,83,1173.69,3.074629784,25.60288926,79.37647309,146,4267
72,84,84,84,3546.99,1.772298574,25.5827057,79.18299298,175,5743
73,85,85,85,2315.79,1.873581171,25.57888441,79.00485578,189,6722
74,86,86,86,1628.1,2.224250078,25.5913711,79.40972702,158,4437
75,87,87,87,2175.66,1.615450025,25.56880133,79.43940119,154,4605
76,88,88,88,1116.18,1.967814684,25.56655549,78.95730473,180,7217
77,89,89,89,1595.7,1.823595166,25.56459843,79.33844942,162,5095
78,90,90,90,2026.62,1.844007611,25.55450479,79.36684599,159,5264
79,91,91,91,1597.32,2.29887104,25.57502456,78.90806286,176,7377
80,93,93,93,1458,1.533099651,25.54380876,79.00000337,202,7387
81,94,94,94,1210.14,2.661912918,25.53268614,78.97619504,191,7718
82,95,95,95,1188.27,2.263869047,25.56283383,79.24712688,167,5751
83,96,96,96,2794.5,1.691695571,25.56735506,79.29107622,151,5256
84,98,98,98,3511.35,1.440751791,25.55081761,78.82693824,189,8035
85,99,99,99,1565.73,2.867935419,25.54150073,78.88990626,184,8041
86,100,100,100,1239.3,2.399244547,25.51618695,78.90202954,187,8375
87,101,101,101,3542.94,1.655720711,25.57884198,79.08535046,188,6399
88,102,102,102,2466.45,1.505488157,25.55402178,79.04831941,191,6894
89,103,103,103,675.54,1.470663667,25.54499317,79.08834486,182,6898
90,105,105,105,501.39,2.409084082,25.53083773,78.869927,184,8538
91,106,106,106,1036.8,1.777911305,25.55072002,79.22537506,167,6081
92,107,107,107,297.27,2.337395668,25.54385269,79.26243696,153,6085
93,108,108,108,1625.67,1.335028768,25.52787314,79.32593972,163,5926
94,109,109,109,1238.49,2.794090986,25.55325066,79.40174184,135,4769
95,110,110,110,681.21,1.835378289,25.52236649,79.09794674,186,7232
96,111,111,111,1173.69,1.903815508,25.56537087,79.12884217,185,6237
97,114,114,114,336.15,2.127965689,25.52822253,79.24187507,155,6248
98,115,115,115,1074.87,2.197903395,25.52313326,78.83405327,186,8369
99,116,116,116,1442.61,2.49723959,25.54135598,79.2022894,170,6411
100,117,117,117,1367.28,1.402786016,25.5115182,79.26258352,173,6583
101,118,118,118,1180.17,1.432398677,25.52494901,79.12341615,176,7068
102,119,119,119,1272.51,3.232470274,25.54874296,79.15504144,183,6406
103,121,121,121,852.12,3.871119022,25.51876401,79.17776518,169,7074
104,122,122,122,1630.53,1.827449679,25.50291994,79.06292633,191,7727
105,123,123,123,448.74,3.808755636,25.51684552,79.1431767,173,6739
106,125,125,125,641.52,2.446475267,25.52343015,79.19963362,168,6743
107,126,126,126,149.85,2.034698725,25.51556143,79.22651647,157,6913
108,127,127,127,3099.06,1.566345215,25.50900497,79.02814085,199,7723
109,128,128,128,1436.13,2.30432272,25.49800238,79.11528342,185,7732
110,129,129,129,5020.38,2.455025434,25.50600667,78.95519438,199,8214
111,130,130,130,3386.61,1.280683756,25.50491684,79.29671598,172,6421
112,131,131,131,4274.37,2.321238279,25.50620281,79.38550424,138,5930
113,132,132,132,3141.18,3.445992708,25.48161152,78.92091126,206,8877
114,133,133,133,5247.18,2.900009394,25.47890895,78.86404138,199,9202
115,134,134,134,2671.38,1.142020106,25.46804993,79.16293082,182,7903
116,135,135,135,4871.34,1.840099096,25.47152612,78.78412301,198,9032
117,136,136,136,2346.57,2.182078838,25.47729834,79.13648231,176,7899
118,137,137,137,1517.13,1.716257811,25.47217869,79.08799282,192,8063
119,138,138,138,13.77,1.651822805,25.45367352,79.11029655,185,8564
120,140,140,140,1671.84,2.138063192,25.42169306,79.10264714,192,9062
121,141,141,141,872.37,1.411031485,25.44730895,78.80977381,208,9864
122,142,142,142,1112.94,1.588328719,25.4463869,78.84164917,212,9866
123,143,143,143,3610.98,1.751995802,25.4590891,79.00476526,204,8885
124,144,144,144,1144.53,1.84584415,25.45793698,79.06899394,193,8559
125,146,146,146,4399.11,1.396317363,25.46800326,79.21545673,174,7576
126,147,147,147,5776.92,2.150547028,25.45753539,78.73026513,196,9525
127,148,148,148,1384.29,1.755671859,25.43450692,79.00444657,210,9217
128,149,149,149,3818.34,1.122356415,25.45204195,79.26039132,179,7582
129,150,150,150,468.99,1.775694251,25.43071111,79.04786577,192,8889
130,151,151,151,945.27,1.179968834,25.43983865,79.18877037,182,8239
131,152,152,152,4401.54,1.582766891,25.45325199,79.31549754,169,7420
132,153,153,153,1377.81,1.16802752,25.4118621,79.23642467,185,8410
133,154,154,154,1402.11,2.057846546,25.43242904,78.5881668,246,11504
134,156,156,156,1498.5,1.795484066,25.41519811,78.8364395,216,10696
135,157,157,157,2163.51,2.1992414,25.41416509,79.06707816,200,9390
136,158,158,158,986.58,1.687016368,25.42070144,78.69886585,201,10848
137,159,159,159,1901.88,1.567110896,25.42470088,78.88730806,224,10036
138,160,160,160,2475.36,1.983473778,25.40963251,78.57263936,243,11833
139,161,161,161,2719.98,2.212401152,25.42146107,78.64360783,216,11342
140,163,163,163,1018.17,1.412622809,25.41370575,79.14036022,190,8900
141,164,164,164,1528.47,1.307871342,25.42045741,79.17639558,178,8570
142,165,165,165,1072.44,1.47837615,25.41110784,78.92909613,226,10042
143,166,166,166,380.7,1.304774523,25.40539133,78.95927552,223,10045
144,167,167,167,1308.96,1.456941247,25.43010296,78.94979884,223,9711
145,168,168,168,3760.02,2.753571987,25.44369989,79.35366763,169,7260
146,169,169,169,10.53,0.752788961,25.40477017,78.97443844,215,10046
147,170,170,170,1935.09,1.972582817,25.40892211,78.99940332,205,9716
148,171,171,171,2867.4,1.963806629,25.41348886,78.79461029,214,10856
149,173,173,173,321.57,2.90066576,25.40447705,79.32314116,160,8086
150,174,174,174,1232.01,1.517758727,25.38718761,78.92913681,232,10541
151,175,175,175,1259.55,2.700750113,25.39358023,78.67705557,204,11678
152,177,177,177,1181.79,2.349409342,25.37198558,78.82274341,228,11361
153,178,178,178,789.75,1.238350987,25.39728814,79.15695534,186,9233
154,179,179,179,2025,1.364245176,25.38353509,79.27792733,183,8582
155,180,180,180,5821.47,2.327445269,25.37517403,78.58879365,241,12500
156,181,181,181,1176.93,1.844387174,25.37127597,79.33167045,185,8587
157,182,182,182,2119.77,1.536684036,25.3777397,79.35567558,177,8423
158,183,183,183,3133.08,2.041102886,25.3723629,78.71011821,210,12013
159,184,184,184,2277.72,1.147543788,25.39537324,79.20385723,181,8905
160,185,185,185,3576.96,1.553231478,25.37676347,78.89015583,227,10537
161,186,186,186,1029.51,1.546131134,25.38100044,78.95937535,226,10378
162,187,187,187,1072.44,1.595439911,25.35227207,78.93587684,237,11040
163,188,188,188,1507.41,1.779182076,25.38498414,79.08924484,204,9726
164,189,189,189,157.95,1.397613287,25.36943575,79.120112,188,9729
165,190,190,190,1794.96,1.627825975,25.38008462,79.13582295,193,9398
166,191,191,191,1386.72,0.876780629,25.35316558,79.1738567,192,9901
167,192,192,192,3777.03,2.202828884,25.37213064,79.00133076,217,10382
168,193,193,193,2549.07,2.221565962,25.38518886,78.75195512,212,11354
169,194,194,194,1073.25,1.210433841,25.37095327,79.2306013,186,9242
170,195,195,195,544.32,3.092724323,25.36366433,78.64782501,212,12506
171,196,196,196,1121.04,2.475607872,25.3722913,79.3068109,170,8751
172,197,197,197,1590.84,2.365250587,25.33137827,78.72671129,234,12515
173,198,198,198,648.81,1.221446514,25.35084341,79.12100897,192,10228
174,199,199,199,1860.57,2.019426346,25.33255489,79.31624377,189,9417
175,200,200,200,1529.28,1.507584572,25.37029367,78.85120386,226,11198
176,201,201,201,1824.93,0.975388408,25.33442027,79.13411947,202,10396
177,202,202,202,1395.63,2.791820526,25.32867135,78.84015364,235,12027
178,203,203,203,2634.93,2.654277325,25.33656882,78.68199006,227,12677
179,204,204,204,1959.39,1.266258359,25.33554072,79.22962881,190,9907
180,205,205,205,682.02,1.091243625,25.34809278,79.20027046,188,9738
181,206,206,206,908.82,1.830800533,25.35225374,79.27865261,186,9080
182,207,207,207,1053.81,1.844086885,25.34327047,78.76375871,233,12020
183,208,208,208,995.49,1.622534037,25.34039669,78.88463763,241,11534
184,209,209,209,4958.01,2.464905739,25.34874103,79.03150614,248,10552
185,211,211,211,1092.69,3.574363947,25.32982904,79.26009688,187,9744
186,212,212,212,1030.32,2.747498751,25.30763838,78.86731857,247,12197
187,213,213,213,2417.85,2.029185295,25.33304786,79.06442975,206,10721
188,214,214,214,1721.25,2.447930574,25.3435696,78.49746091,267,13654
189,215,215,215,1236.87,4.207899094,25.34684107,78.54113197,258,13160
190,216,216,216,2579.04,1.584551573,25.32690574,78.46781306,271,13984
191,217,217,217,3228.66,2.7174685,25.34970591,78.79911738,233,11357
192,220,220,220,2958.93,2.55038166,25.31513059,78.5644508,251,13829
193,221,221,221,2754.81,2.532195091,25.33303279,78.61634007,231,13167
194,222,222,222,673.92,6.912951469,25.32421395,79.28748161,186,9581
195,223,223,223,2600.91,1.088746428,25.30207026,79.17980405,197,10567
196,224,224,224,1525.23,2.412330151,25.30284434,78.73705553,243,13015
197,225,225,225,337.77,1.756456852,25.30189691,78.53551002,247,13993
198,226,226,226,3275.64,2.600296259,25.31629261,78.94105237,256,11540
199,227,227,227,1969.92,2.016781569,25.31117639,79.08846091,205,10890
200,228,228,228,1289.52,2.965540409,25.30992157,79.03230824,221,11217
201,229,229,229,1716.39,3.020384789,25.30427304,78.76874584,244,12685
202,230,230,230,2881.17,2.462456703,25.29108314,78.65826226,239,13672
203,231,231,231,549.18,2.158281803,25.28140752,78.78720549,254,13020
204,232,232,232,4259.79,0.980823874,25.29833357,79.12911619,205,11061
205,233,233,233,4958.01,1.598735213,25.30555606,78.42296119,286,14644
206,234,234,234,2276.1,2.157608509,25.28179613,78.49980911,262,14320
207,235,235,235,1764.18,2.536625862,25.27098223,78.7115435,254,13677
208,236,236,236,2654.37,3.029004335,25.27915439,78.85850002,263,12695
209,237,237,237,1811.97,2.196933508,25.26857647,78.52697283,271,14656
210,238,238,238,1299.24,2.648270607,25.29342202,78.80994387,289,12689
211,239,239,239,1953.72,3.547548056,25.25741341,78.68872966,280,14174
212,240,240,240,803.52,5.542000294,25.29794402,79.26705366,179,10244
213,241,241,241,1036.8,3.147429943,25.25194669,78.77145993,259,13683
214,242,242,242,580.77,4.85330677,25.29644927,79.24677604,197,10407
215,243,243,243,1001.16,1.961071491,25.29184199,79.22547996,194,10738
216,244,244,244,502.2,2.358421564,25.2645313,78.47813832,272,15150
217,245,245,245,2931.39,2.296066999,25.28516208,79.30586545,195,10248
218,246,246,246,4205.52,2.637913227,25.28313369,78.9029433,257,12368
219,247,247,247,2208.06,4.377810955,25.25328066,78.74754801,259,13847
220,248,248,248,426.06,2.233381033,25.26590551,78.4517441,271,14981
221,249,249,249,1152.63,1.892302036,25.27291794,78.42102656,283,15143
222,250,250,250,1272.51,2.546174049,25.24979147,78.81756623,258,13522
223,251,251,251,6160.05,3.68770051,25.2769332,78.9921933,236,12044
224,252,252,252,1943.19,2.973742008,25.29156679,78.62361098,233,14001
225,253,253,253,1332.45,2.385690928,25.24163527,78.4708379,291,15649
226,254,254,254,4966.11,1.906785488,25.26817776,78.32794188,307,15799
227,255,255,255,315.09,1.772559881,25.24999066,78.44706753,281,15479
228,256,256,256,1570.59,2.041750193,25.24677539,79.20711512,200,11568
229,257,257,257,3120.12,1.292068005,25.28791149,78.36272898,305,15303
230,258,258,258,332.91,1.49154067,25.24253178,78.4252676,279,15975
231,259,259,259,1793.34,1.610296607,25.23489871,78.37113267,298,15970
232,260,260,260,695.79,1.33318615,25.23553735,78.40580389,288,15807
233,262,262,262,2909.52,1.766489506,25.26479087,79.1792533,192,11066
234,263,263,263,2988.9,1.437476635,25.24997962,79.07914422,211,11887
235,264,264,264,3964.14,3.795126438,25.2604454,78.56790502,251,14660
236,265,265,265,1592.46,1.724490404,25.25930011,79.27438142,183,10745
237,266,266,266,1442.61,2.098308325,25.2363752,79.13480774,204,12059
238,267,267,267,1380.24,3.433640957,25.22095319,79.15171648,207,12228
239,268,268,268,2523.96,2.498521805,25.2568713,78.2596097,338,16291
240,269,269,269,2202.39,2.303659678,25.21864064,78.6185103,261,15165
241,270,270,270,3356.64,3.679769754,25.23896039,78.98011891,238,12874
242,271,271,271,4817.07,2.390033007,25.23051472,78.2458823,379,16954
243,272,272,272,419.58,1.490480542,25.22843801,78.3225495,311,16297
244,273,273,273,1481.49,2.401264668,25.24499421,78.79338677,259,13686
245,274,274,274,584.82,2.586203337,25.23169733,78.58207337,260,15161
246,275,275,275,1087.83,1.604454637,25.20854045,78.30581935,324,16960
247,276,276,276,3022.92,3.005713463,25.24013355,78.84926649,258,13193
248,277,277,277,2183.76,1.559148192,25.24591444,79.24704701,190,11406
249,279,279,279,3459.51,2.504285097,25.23398437,78.64746226,263,14835
250,280,280,280,3022.92,3.140686035,25.23051962,79.32633936,203,11081
251,282,282,282,1321.11,2.49774909,25.21200332,78.87847997,285,13861
252,283,283,283,2511,2.052099705,25.21890998,78.51360348,273,15652
253,284,284,284,1295.19,2.711879015,25.2000096,78.84753677,286,14191
254,285,285,285,1087.02,1.461346388,25.21606074,78.352351,307,16300
255,286,286,286,1431.27,1.944645047,25.22983707,79.10246042,210,12387
256,287,287,287,2266.38,2.440418959,25.21013502,78.71891091,286,14676
257,288,288,288,3482.19,2.068655252,25.20994727,78.42086789,300,15978
258,289,289,289,2054.97,1.603310108,25.19148613,78.3381198,318,17130
259,290,290,290,2697.3,2.615833282,25.18884933,78.80706091,292,14520
260,291,291,291,1010.07,1.770355701,25.19001489,78.16421537,368,17944
261,292,292,292,2016.09,1.754274011,25.21282216,78.18407964,361,17613
262,293,293,293,1715.58,2.255884886,25.20676251,78.76474928,280,14515
263,294,294,294,1994.22,2.39380002,25.16475515,78.55087006,269,16488
264,295,295,295,4652.64,3.414134264,25.20911503,78.99842473,233,13210
265,296,296,296,1300.86,2.555402994,25.19723144,78.49470616,275,16149
266,297,297,297,836.73,1.983784676,25.19305771,78.53862328,269,15987
267,298,298,298,1514.7,2.851908207,25.17142084,78.75457954,308,15179
268,299,299,299,2065.5,3.589593649,25.20287118,78.9082437,281,13865
269,300,300,300,541.89,5.556951523,25.19547177,78.94655389,254,13703
270,301,301,301,5303.88,2.132896185,25.19801986,79.17649708,206,12563
271,302,302,302,3944.7,2.949681997,25.18199906,78.69476956,290,15339
272,303,303,303,1803.87,2.121898413,25.20341,79.06757096,225,12884
273,304,304,304,2443.77,1.816036344,25.20748018,79.28672505,198,11744
274,305,305,305,237.33,1.792109966,25.17969646,78.7810211,290,14849
275,306,306,306,1313.01,2.364757776,25.1734456,78.50891306,275,16651
276,307,307,307,1014.12,2.904508829,25.15005597,78.79735367,314,15350
277,308,308,308,934.74,2.992916822,25.17820436,78.92206645,261,14199
278,311,311,311,1517.13,1.818302631,25.17802077,78.4687455,283,16646
279,312,312,312,1064.34,2.644333124,25.14560927,78.77561059,319,15514
280,313,313,313,3206.79,2.521077633,25.15906253,78.85144103,308,15023
281,314,314,314,682.83,1.190902352,25.1720895,79.27923602,198,12241
282,315,315,315,4323.78,2.215990782,25.17953523,78.59039432,262,15660
283,316,316,316,1411.83,1.647454619,25.17894123,79.31010433,200,12079
284,318,318,318,2069.55,2.498025417,25.16334515,78.64152518,291,15998
285,319,319,319,3429.54,3.503031254,25.18655918,79.3602765,211,11585
286,320,320,320,3297.51,3.539163113,25.16917971,78.99861277,243,14041
287,321,321,321,3399.57,1.28592217,25.18498911,79.22894043,203,12402
288,322,322,322,1057.86,1.343001604,25.16149884,79.16956786,220,13227
289,323,323,323,1179.36,2.42184639,25.12872562,78.571436,284,16824
290,324,324,324,2481.03,2.704847813,25.14368165,78.93119238,285,14865
291,325,325,325,3212.46,1.768570781,25.17389096,79.09021275,231,13385
292,326,326,326,2664.9,1.805119038,25.16113002,78.36984794,313,17467
293,327,327,327,1174.5,2.165013075,25.16707004,78.40719958,299,17138
294,328,328,328,1094.31,2.785025835,25.14520983,78.48463213,269,17147
295,329,329,329,2223.45,1.842002273,25.16257205,78.44217183,286,16975
296,330,330,330,1068.39,2.19961977,25.15093777,78.26439445,327,18121
297,331,331,331,3905.01,1.898017764,25.18069977,78.26413539,325,17457
298,332,332,332,457.65,1.707404017,25.14440002,78.60805156,274,16329
299,333,333,333,1010.07,1.759713411,25.14570348,79.31139744,205,12744
300,334,334,334,2574.18,1.892584324,25.1552878,79.37146413,211,12251
301,336,336,336,1267.65,1.329946041,25.12670361,79.04276288,241,14545
302,338,338,338,1728.54,1.325916529,25.14460377,79.12200552,228,13722
303,339,339,339,1615.14,1.498288989,25.14044404,79.18086206,215,13395
304,340,340,340,774.36,1.71338582,25.1306929,78.29865167,306,18125
305,341,341,341,1378.62,1.657114387,25.16102601,78.315972,316,17793
306,342,342,342,551.61,2.973935843,25.13675127,78.40848106,282,17471
307,343,343,343,1751.22,1.985385895,25.13943218,78.69544813,300,16171
308,344,344,344,2636.55,2.735853672,25.12693619,78.86373977,308,15357
309,345,345,345,1891.35,2.112507343,25.13035946,78.63808293,277,16498
310,347,347,347,417.96,1.994533896,25.12644445,78.4477579,275,17475
311,348,348,348,1198.8,1.682618737,25.11761251,78.68077812,294,16502
312,349,349,349,3234.33,2.56426549,25.16186326,78.21434621,358,18115
313,350,350,350,4754.7,2.332833529,25.14354075,78.17606192,350,18610
314,352,352,352,1622.43,2.359302998,25.12253524,78.26048646,318,18786
315,353,353,353,631.8,2.925544262,25.12781892,79.32101748,208,12911
316,354,354,354,2093.04,1.268626809,25.14725273,79.24258722,210,12902
317,355,355,355,1828.17,4.616555214,25.11532266,78.93829115,292,15034
318,356,356,356,3070.71,1.665721893,25.14567969,79.0211864,248,14210
319,357,357,357,1362.42,1.424010515,25.13771055,79.2802441,200,13073
320,358,358,358,2681.1,2.468029976,25.1214215,78.89236223,318,15360
321,359,359,359,1274.13,2.142927647,25.1145796,78.39435241,276,17970
322,360,360,360,1138.86,2.526990891,25.1051044,79.29139253,217,13407
323,361,361,361,6442.74,2.800563812,25.12776879,79.41956774,226,12752
324,362,362,362,1136.43,2.413819075,25.07575573,78.38872364,300,18799
325,363,363,363,1430.46,1.69102025,25.1284528,78.35753161,302,17964
326,364,364,364,1793.34,3.126917124,25.09208955,78.4690023,303,17977
327,365,365,365,3108.78,1.395769119,25.11064976,78.31427386,299,18625
328,367,367,367,460.89,2.264516592,25.0777634,78.37640955,299,18798
329,368,368,368,862.65,1.460320473,25.10359505,79.00318375,257,15040
330,369,369,369,1914.84,3.212668657,25.10801735,78.04182646,394,19928
331,370,370,370,2824.47,1.327121973,25.11517269,79.18961453,219,13895
332,371,371,371,1799.01,4.285086155,25.09812827,78.95721332,273,15533
333,372,372,372,3082.05,2.189920187,25.10826371,79.11552236,233,14386
334,374,374,374,1588.41,1.198193908,25.1212375,79.07255872,240,14382
335,375,375,375,3362.31,3.392800093,25.12033239,78.51251258,290,17150
336,376,376,376,2430.81,1.845679402,25.12412585,78.74913272,309,16010
337,377,377,377,1120.23,1.523552775,25.09432756,79.04065351,250,15043
338,378,378,378,4799.25,1.959797382,25.1269822,78.13225154,367,19271
339,379,379,379,1204.47,3.250833035,25.10607543,79.32627638,211,13244
340,380,380,380,2906.28,2.467640162,25.10506178,78.59014102,282,17158
341,381,381,381,1389.96,3.921332121,25.08493766,78.53478743,301,17817
342,382,382,382,673.11,3.153845787,25.08564435,78.18866169,359,19611
343,383,383,383,3024.54,2.152225256,25.08833028,78.223638,334,19281
344,384,384,384,1381.86,3.203500032,25.08024899,78.06385869,384,20595
345,385,385,385,1042.47,1.810956597,25.10426948,78.08570462,381,19765
346,386,386,386,1637.82,1.589913726,25.10887482,78.80902469,327,16017
347,388,388,388,498.15,1.852935314,25.0894591,79.32470435,214,13577
348,389,389,389,969.57,1.470263004,25.10144041,78.72074822,297,16506
349,391,391,391,1162.35,2.60033536,25.08194933,78.74868938,299,16676
350,392,392,392,1176.12,2.088318825,25.09991627,78.78036824,330,16346
351,393,393,393,3234.33,1.09612155,25.079734,78.3311989,299,19126
352,394,394,394,1232.82,1.568108201,25.08752618,78.82608381,322,16351
353,395,395,395,1093.5,1.723507404,25.09719989,79.49850813,244,12596
354,396,396,396,648.81,1.735660315,25.07671943,78.10308618,368,20100
355,397,397,397,1856.52,1.8787328,25.10235663,78.11431969,370,19768
356,398,398,398,1203.66,1.939401031,25.06914898,78.16363384,346,19939
357,399,399,399,1427.22,2.614065886,25.04997259,78.1850261,360,20441
358,400,400,400,1215,1.952916145,25.05839492,78.73079267,304,17339
359,401,401,401,1095.93,1.351492763,25.09161273,79.45967586,230,12923
360,402,402,402,2714.31,2.369852543,25.08131324,78.63612289,280,17162
361,403,403,403,2375.73,2.185834169,25.04692278,78.13229202,359,20602
362,404,404,404,1466.91,1.475027323,25.0788565,79.06650955,251,15213
363,405,405,405,5107.05,2.480585337,25.08214609,79.40290144,215,13582
364,407,407,407,563.76,2.79564023,25.07285953,78.48982091,298,18312
365,408,408,408,1393.2,2.744658232,25.05259722,78.5173343,300,18480
366,409,409,409,1025.46,2.461785555,25.06392484,79.02741252,267,15707
367,411,411,411,2758.05,1.404675603,25.07871797,78.69096958,298,17001
368,412,412,412,3086.91,2.757203817,25.07883489,79.15115204,229,14722
369,413,413,413,2675.43,2.037862539,25.09026521,79.224187,210,14066
370,415,415,415,1094.31,2.412126064,25.07180188,78.95275215,284,16032
371,416,416,416,2062.26,2.437112093,25.06829904,78.99357438,277,15537
372,417,417,417,4489.02,1.613807917,25.05359979,78.27174699,315,19785
373,419,419,419,2766.96,3.14739728,25.04806479,78.08511591,371,21097
374,420,420,420,1223.91,2.091403008,25.0496928,79.04424397,260,15710
375,421,421,421,3810.24,1.505773306,25.06341984,79.51646168,245,13098
376,422,422,422,1750.41,1.525386214,25.05831375,79.30275224,224,14240
377,423,423,423,868.32,1.830847502,25.06804389,79.33891895,202,13745
378,424,424,424,1428.84,1.61932528,25.03789932,78.47618819,313,18975
379,425,425,425,615.6,1.430732608,25.0648986,79.18880271,217,14893
380,426,426,426,4092.93,1.295285225,25.05098659,78.83426057,318,17017
381,427,427,427,2037.96,1.740481734,25.05519952,79.4666528,232,13425
382,428,428,428,656.91,1.622656941,25.04889325,79.18534403,209,15060
383,429,429,429,1074.87,1.778339624,25.04464492,78.96748874,273,16201
384,430,430,430,3870.99,2.638127089,25.06665378,78.90180001,316,16193
385,432,432,432,6576.39,2.215232849,25.06364299,78.42662495,299,18804
386,434,434,434,1594.08,1.87287426,25.02232699,78.49365647,313,19143
387,435,435,435,1560.87,1.687060952,25.03360881,78.36840905,299,19629
388,436,436,436,1061.1,1.904191613,25.03978349,79.34185468,218,14411
389,437,437,437,345.87,1.701600194,25.03004388,78.94412864,286,16862
390,438,438,438,2099.52,1.849490881,25.04282856,78.69164242,295,17668
391,439,439,439,1070.82,3.363610983,25.01774732,78.73949217,317,17839
392,440,440,440,2244.51,2.322718859,25.04973046,79.10352816,241,15383
393,443,443,443,1019.79,2.435094118,25.04635703,79.1567193,227,15222
394,444,444,444,2075.22,2.209066153,25.02783693,79.21503758,225,15229
395,445,445,445,6587.73,2.444901466,25.04304752,78.56432,297,18485
396,446,446,446,2691.63,1.589548111,25.04548447,79.37915119,219,14081
397,447,447,447,565.38,1.693071246,25.0324277,79.17837089,225,15392
398,448,448,448,2696.49,1.927203894,25.03409966,78.65725659,288,17997
399,449,449,449,1718.82,3.93062067,25.02511377,79.10086632,242,15881
400,450,450,450,2466.45,2.520758867,25.02430956,78.89299984,313,17024
401,451,451,451,3440.07,1.684197187,25.04165966,78.77479758,307,17509
402,452,452,452,245.43,2.083769798,25.02548969,79.33204335,216,14740
403,453,453,453,4617,2.049317598,25.01873528,78.21728213,347,20611
404,456,456,456,2452.68,1.774265289,25.0183804,78.30537556,310,20121
405,461,461,461,3411.72,4.22026062,25.00232847,78.04806211,397,21260
406,463,463,463,1069.2,1.541285276,25.01562879,78.62701033,295,18492
407,471,471,471,6164.1,2.77417326,25.04820123,79.253344,225,14734
408,464,464,464,668.25,2.454068899,25.0180592,79.15292347,215,15719
409,433,433,433,1191.51,2.015222073,25.00940055,78.45758458,321,19638
410,442,442,442,1195.56,3.209981442,25.00217143,78.72054067,352,18336
411,454,454,454,1214.19,4.048926353,25.00682295,79.29589571,233,15071
412,455,455,455,1348.65,1.761450052,25.00386292,79.42394945,243,14586
413,457,457,457,1407.78,1.928399086,24.99644067,78.43510813,324,19969
414,458,458,458,2051.73,1.547239661,25.00176597,78.38456107,312,20130
415,462,462,462,1212.57,1.782567859,25.01181605,78.59627901,308,18821
416,465,465,465,1668.6,1.600294471,25.00941932,79.37072668,228,14746
417,466,466,466,2647.89,3.106869459,24.99555332,78.91143518,331,17524
418,467,467,467,3033.45,2.593670845,25.01573085,79.00204907,269,16702
419,468,468,468,2360.34,3.66377759,25.01314957,79.27773398,268,15235
420,469,469,469,5598.72,2.457142353,25.01576213,79.47007946,250,14091
421,472,472,472,2574.18,3.935582638,24.9948277,78.94955933,300,17196
422,473,473,473,1359.99,4.758885384,24.98898426,78.99909488,277,17035
423,474,474,474,1820.88,1.516637564,25.00927959,78.8149689,315,17680
424,475,475,475,1806.3,2.111141443,24.99665844,78.32791882,305,20458
425,476,476,476,1025.46,2.636278629,24.98382545,78.7563028,335,18506
426,477,477,477,1312.2,2.043139696,24.99073616,78.78947492,317,18177
427,478,478,478,1914.84,1.378770709,24.99042819,78.85969561,331,17686
428,480,480,480,237.33,1.184665561,24.98513479,78.82364377,324,18180
429,481,481,481,3582.63,1.869817376,24.98332603,78.22287253,341,21277
430,482,482,482,1290.33,1.871399403,24.96395429,78.78206893,336,18675
431,483,483,483,4216.05,2.949645281,24.96746732,78.38091615,315,20794
432,484,484,484,3146.85,2.065888882,24.98379876,78.58831485,296,19488
433,485,485,485,1042.47,4.286784649,24.97716934,78.27625824,314,21116
434,486,486,486,324.81,4.551708221,24.9784078,78.30148758,314,20620
435,487,487,487,1747.98,4.131734848,25.0098332,79.0620921,254,16542
436,488,488,488,1952.1,3.127611399,24.99142158,78.67035433,299,18830
437,489,489,489,2244.51,3.688180208,24.9709953,79.14818697,249,16552
438,490,490,490,2422.71,2.813281536,24.9935736,79.32301121,227,15406
439,491,491,491,1922.13,4.164154053,24.96980584,79.09790482,242,17046
440,492,492,492,1487.97,4.861766338,24.9968175,79.12393337,234,16217
441,493,493,493,2078.46,3.023201466,24.99805244,79.18480652,229,15891
442,494,494,494,1741.5,2.071570158,24.9841018,78.52063239,314,19812
443,495,495,495,639.09,2.211800098,24.97025747,78.55792489,301,19649
444,496,496,496,2893.32,2.939376116,24.96636385,78.70398563,326,19000
445,497,497,497,1181.79,3.136860609,24.9846469,79.06436284,247,16709
446,499,499,499,1727.73,5.714967728,24.97581442,79.02183441,271,17204
447,500,500,500,293.22,2.459263802,24.96590409,79.06216896,233,17208
448,501,501,501,2212.11,1.537156701,24.95369841,78.85245491,336,18350
449,502,502,502,1984.5,1.293649435,24.94872099,78.81755878,338,18680
450,503,503,503,2619.54,1.758746982,24.97837297,79.38812012,233,15247
451,504,504,504,2304.45,1.766166687,24.9603779,78.62832021,303,19490
452,507,507,507,109.35,1.790601611,24.96702357,79.33582953,224,15740
453,508,508,508,591.3,1.557126641,24.95492946,78.54469518,308,19982
454,509,509,509,2238.03,3.968518496,24.9738916,78.11547101,369,21932
455,511,511,511,1749.6,1.469458818,24.96805566,78.49459161,316,20141
456,516,516,516,5094.9,2.634578466,24.99150937,78.13415865,372,21435
457,517,517,517,1155.06,1.614825249,24.96356337,78.44824882,329,20469
458,519,519,519,1989.36,3.669682503,24.95003669,78.11440077,362,22430
459,520,520,520,1007.64,3.671513557,24.93138725,78.54310684,329,20479
460,522,522,522,1423.17,2.114475727,24.93734806,78.42042308,350,21131
461,523,523,523,756.54,1.074082971,24.95336765,78.47703606,316,20472
462,525,525,525,2280.15,1.594450712,24.94857957,78.22173945,343,21941
463,526,526,526,1476.63,3.261492252,24.94937861,78.27521609,309,21451
464,527,527,527,1195.56,4.800951958,24.96679931,79.20336638,241,16557
465,528,528,528,4102.65,2.434808493,24.95722913,79.46913817,273,15089
466,529,529,529,1642.68,3.43055582,24.93991702,79.06918744,253,17542
467,530,530,530,1226.34,5.490859985,24.94973217,79.22195573,253,16559
468,531,531,531,473.04,2.113446712,24.92657808,78.25746045,324,22112
469,532,532,532,4370.76,4.605107307,24.9491796,79.27491342,240,16400
470,533,533,533,1750.41,3.197450161,24.9186006,78.44016237,339,21300
471,534,534,534,359.64,1.660076976,24.93467289,78.15970117,342,22434
472,535,535,535,1536.57,2.817702532,24.94707249,78.33602352,322,21123
473,536,536,536,1121.04,2.209686279,24.92796084,78.36422767,343,21458
474,537,537,537,1120.23,1.936186552,24.9182227,78.13444333,352,22930
475,538,538,538,1977.21,3.898146153,24.94352749,78.66166146,297,19493
476,539,539,539,1532.52,2.212243795,24.91015396,78.53456548,336,20977
477,540,540,540,2826.9,2.214298248,24.93922666,79.38892654,251,15912
478,541,541,541,675.54,1.683917165,24.91992909,78.22894413,318,22443
479,542,542,542,3242.43,3.669512749,24.94406713,79.01850851,259,17869
480,543,543,543,3201.12,2.21363759,24.92881617,79.44564933,276,15752
481,544,544,544,4003.02,2.058139324,24.91767426,78.29974313,326,21950
482,545,545,545,239.76,2.47013998,24.91528789,78.33845299,326,21953
483,546,546,546,1330.02,3.323477268,24.91568252,78.63030599,318,20323
484,547,547,547,3777.03,2.652493715,24.92199888,78.57843574,316,20649
485,548,548,548,1091.07,1.71440506,24.88868436,78.32311067,338,22286
486,549,549,549,2248.56,3.661274672,24.91968786,79.20785768,253,17224
487,550,550,550,1647.54,2.41807127,24.93646265,78.89134616,336,18521
488,551,551,551,1688.85,2.839438677,24.94544454,78.91915148,340,18191
489,552,552,552,2641.41,1.554569006,24.91794367,78.18390062,344,22603
490,553,553,553,489.24,3.725280523,24.92071989,78.67743631,308,19994
491,556,556,556,1932.66,2.440774918,24.90960399,78.87115449,344,19018
492,557,557,557,3702.51,4.174051762,24.91715425,79.10812294,268,17712
493,558,558,558,1244.16,2.498413801,24.91592215,78.99324472,261,18365
494,559,559,559,575.1,2.186483383,24.90456629,78.35495635,335,22122
495,560,560,560,1573.02,2.799031496,24.90536735,78.39038174,345,21793
496,561,561,561,396.09,1.70934093,24.91390962,79.02334241,256,18037
497,562,562,562,1161.54,2.682346344,24.90851845,79.05684062,269,18206
498,563,563,563,1803.06,5.993246555,24.94352245,78.9583816,352,18195
499,564,564,564,106.92,2.322113752,24.91062934,78.98394323,258,18529
500,567,567,567,1268.46,1.802151322,24.89117208,78.22179686,338,22941
501,569,569,569,822.15,5.795922756,24.91128505,78.92449146,289,18856
502,570,570,570,1150.2,5.251993179,24.90228242,78.95193044,272,18693
503,571,571,571,2695.68,1.793254256,24.92405791,79.34893091,237,16241
504,572,572,572,1350.27,2.260838032,24.89721123,78.62342158,322,20654
505,573,573,573,220.32,2.449508905,24.89135067,78.3677662,344,22124
506,574,574,574,389.61,1.902411103,24.90168748,78.68831889,306,20163
507,575,575,575,4538.43,2.011283636,24.93170204,78.73541768,316,19502
508,578,578,578,297.27,1.939299107,24.89864156,78.99186002,259,18698
509,579,579,579,723.33,1.859842658,24.88487083,78.18278401,325,23102
510,580,580,580,345.06,2.33615303,24.89942196,79.03168917,255,18536
511,581,581,581,1089.45,1.538407683,24.87254113,78.37810307,345,22458
512,582,582,582,3271.59,2.840133667,24.91498486,79.30038397,240,16734
513,583,583,583,3851.55,2.334060431,24.91167688,78.49290716,318,21140
514,584,584,584,1502.55,4.834427834,24.8964833,79.23981128,265,17393
515,585,585,585,3010.77,6.15553236,24.89081015,78.08116665,357,23425
516,586,586,586,2736.18,3.901649714,24.92609693,78.093085,368,23094
517,587,587,587,1159.11,3.16870594,24.88355627,78.96206368,270,19027
518,588,588,588,334.53,1.305491567,24.89750672,79.358635,237,16741
519,589,589,589,1467.72,4.098924637,24.87696751,79.25705493,270,17728
520,591,591,591,2233.98,2.158329487,24.89955123,79.40738013,253,16414
521,593,593,593,1837.08,1.43009603,24.86269963,78.21980101,346,23273
522,594,594,594,487.62,1.498019457,24.88037787,78.34738911,337,22287
523,601,1033,1033,2907.9,1.188937664,24.50202743,78.79240631,372,26660
524,602,1034,1034,1809.54,1.252597213,24.47987246,78.73833239,386,27321
525,606,1038,1038,3217.32,1.089554548,24.50102187,78.56260819,378,27967
526,607,1039,1039,2062.26,1.171942592,24.47962605,78.50642933,389,28626
527,608,1040,1040,1782,1.238543272,24.47152823,78.62681922,383,28140
528,610,1042,1042,5090.04,2.178054094,24.48584166,78.43826299,392,28452
529,616,1048,1048,1487.97,1.203003168,24.46296398,78.77913727,389,27491
530,620,1052,1052,3552.66,1.054109931,24.47424807,78.6726743,381,27812
531,628,1060,1060,1140.48,1.185296774,24.47354848,78.71323126,377,27483
532,629,1061,1061,2252.61,3.372127533,24.44854341,78.47699731,399,28957
533,632,1064,1064,1305.72,1.103346109,24.45486891,78.54854222,379,28796
534,634,1066,1066,236.52,0.997954667,24.4470199,78.52399123,383,29127
535,644,1076,1076,166.05,1.401029229,24.44226865,78.70643293,377,28315
536,647,1079,1079,2035.53,1.241894007,24.43747452,78.74103179,390,27986
537,676,595,595,238.14,2.17242384,24.89662956,79.34105881,244,17070
538,677,596,596,771.12,1.33877182,24.8909395,78.71246215,308,20331
539,678,597,597,1161.54,1.645482659,24.87268693,78.53539734,334,21643
540,679,598,598,2446.2,1.681894183,24.87573655,78.14466077,348,23597
541,680,599,599,4690.71,3.156975031,24.91644552,79.16194073,266,17551
542,681,600,600,497.34,1.436271906,24.88460481,78.72673447,316,20664
543,682,601,601,1031.13,1.886474848,24.89931556,78.75238299,331,19837
544,685,604,604,1914.84,1.41376996,24.90956584,78.79081522,336,19508
545,686,605,605,1015.74,2.119043827,24.87717435,78.41484008,349,22129
546,687,606,606,2394.36,1.733356237,24.87982263,78.45512031,331,21801
547,688,607,607,572.67,2.6361444,24.88308051,79.01633762,270,18868
548,689,608,608,2647.08,1.490620136,24.89182503,78.81538026,336,19677
549,690,609,609,241.38,2.310724258,24.8793282,79.15801687,267,18049
550,691,610,610,2714.31,5.002707005,24.87715772,78.8994056,336,19520
551,692,611,611,149.85,1.816228747,24.87042635,78.76488326,317,20337
552,693,612,612,1374.57,1.989967823,24.87208686,78.75153636,316,20832
553,694,613,613,1803.87,3.246476889,24.86136306,79.12114409,289,18711
554,695,614,614,1516.32,1.475736976,24.84670985,78.36465054,353,22789
555,696,615,615,4559.49,1.520085454,24.86784779,78.26797839,344,23111
556,697,616,616,152.28,1.518711448,24.85962494,78.43455433,337,22298
557,698,617,617,2001.51,1.487170935,24.84699984,78.52806227,334,22141
558,699,618,618,1147.77,1.44673264,24.85215336,78.40342636,347,22626
559,700,619,619,3982.77,2.258236885,24.8697401,78.61215946,320,21152
560,701,620,620,983.34,1.933059216,24.87195332,78.98976635,271,19197
561,703,622,622,1303.29,3.253941298,24.84986145,79.03579702,291,19367
562,704,623,623,650.43,1.878822327,24.85720355,78.17356376,339,23767
563,706,625,625,5106.24,2.650621891,24.87036764,79.43455608,264,16916
564,711,630,630,946.89,1.452435493,24.85537217,78.77268517,319,20835
565,713,632,632,2476.17,1.316194892,24.86191196,78.68136,307,20991
566,714,633,633,2037.96,1.611103058,24.84386418,78.72493943,318,21164
567,715,634,634,1432.89,1.679875016,24.86017452,79.35436319,241,17406
568,716,635,635,1484.73,2.071039915,24.8337947,78.97015893,295,20026
569,717,636,636,5043.06,2.667810917,24.85361839,79.07186999,294,19039
570,718,637,637,4540.86,2.411711454,24.85155544,79.20638374,281,18555
571,719,638,638,3664.44,1.628713965,24.8589223,78.82980984,337,20178
572,721,640,640,2297.97,1.707612276,24.84703383,78.48005216,335,22302
573,722,641,641,1502.55,2.253029346,24.84325879,79.39618492,259,17411
574,723,642,642,3711.42,3.565374613,24.84588723,78.93153798,313,20022
575,724,643,643,3153.33,1.713835001,24.86608897,79.31275611,244,17567
576,726,645,645,177.39,3.224535704,24.84296379,79.36221859,247,17904
577,727,646,646,1028.7,1.369117022,24.81666927,78.51067552,339,22638
578,728,647,647,720.09,1.139831543,24.84278092,78.65899573,313,21491
579,729,648,648,2008.8,2.903263569,24.84404909,79.2665827,268,18062
580,730,649,649,1221.48,1.757972717,24.84100932,79.50209597,299,16923
581,731,650,650,1321.92,1.820178509,24.84486587,79.01205549,282,19697
582,732,651,651,4105.08,1.446390152,24.83493013,78.33041953,348,23117
583,733,652,652,3141.18,2.459907293,24.83766113,79.15423188,289,19046
584,735,654,654,1634.58,2.584784508,24.82856216,78.57180951,337,22145
585,736,655,655,3167.91,1.310269952,24.82386564,78.62349907,315,21985
586,737,656,656,1168.83,1.379521966,24.79339493,78.30979402,365,23947
587,738,657,657,1147.77,2.71985507,24.82230454,79.28391692,263,18562
588,740,659,659,1328.4,2.686974049,24.81461317,79.33651577,261,18402
589,741,660,660,153.09,1.762746096,24.82841652,79.47651976,289,17253
590,743,662,662,1579.5,2.561298132,24.80811222,79.36864506,260,18239
591,744,663,663,1875.15,1.245940804,24.82160497,78.76599799,326,21335
592,745,664,664,389.61,1.22162962,24.81753134,78.80086819,329,21006
593,747,666,666,2753.19,1.707344413,24.83019758,78.84932711,344,20679
594,748,667,667,200.88,1.489380598,24.81730108,79.31634147,249,18400
595,749,668,668,3592.35,1.532533288,24.81724897,78.40171112,361,23292
596,750,669,669,635.04,2.124126196,24.8261183,79.3809258,250,18073
597,751,670,670,3695.22,2.467940807,24.82039982,79.4398697,285,17747
598,753,672,672,1470.15,2.144031763,24.80311678,79.02255375,300,20198
599,754,673,673,1215.81,3.978791475,24.80588529,79.0652425,318,19870
600,755,674,674,2020.14,1.383189917,24.81407877,78.47377229,329,22800
601,756,675,675,512.73,1.295199633,24.80487689,78.60007699,319,22482
602,757,676,676,142.56,1.387093306,24.80372001,78.79114282,325,21338
603,761,680,680,3041.55,1.436906338,24.79305657,78.54723816,336,22975
604,762,681,681,1083.78,1.324634433,24.80711764,78.65999652,315,21990
605,763,682,682,2037.15,1.263013005,24.79989181,78.84023899,343,21177
606,764,683,683,233.28,1.731365681,24.80405036,79.30112065,250,18733
607,766,685,685,1996.65,1.579012871,24.77932841,78.33678304,368,24283
608,769,688,688,1759.32,3.072178125,24.80297237,78.94637152,319,20522
609,770,689,689,1769.04,1.722289085,24.80527385,78.99455113,295,20194
610,771,690,690,3606.12,2.035993576,24.80113246,79.52997092,315,17425
611,773,692,692,1300.05,1.500569344,24.79698898,78.44779183,342,23297
612,774,693,693,1229.58,1.309307337,24.77506902,78.63925437,331,22818
613,775,694,694,4097.79,1.581863403,24.80007556,78.70733023,327,21828
614,776,695,695,3696.03,2.676867962,24.79066944,79.12012216,313,19876
615,777,696,696,1739.07,1.561261892,24.78248335,78.41467308,352,23792
616,778,697,697,376.65,1.401826262,24.78498314,78.67015196,324,22158
617,779,698,698,2894.94,3.256742001,24.80166912,79.24277969,312,19057
618,780,699,699,146.61,1.64648664,24.78633476,78.98366319,295,20692
619,781,700,700,200.88,2.054053783,24.79210335,79.29054478,253,18896
620,782,701,701,1355.94,1.279105067,24.79115831,78.76538424,332,21666
621,783,702,702,2126.25,2.34138751,24.78711576,79.42171667,290,18245
622,784,703,703,2556.36,1.316554546,24.77026876,78.81875336,341,22005
623,785,704,704,632.61,1.418259144,24.76894538,78.44814994,339,23632
624,786,705,705,2583.09,2.671408415,24.78335141,79.15370466,315,19879
625,788,707,707,1622.43,1.536331296,24.76432399,78.69201205,334,22657
626,789,708,708,627.75,2.26793766,24.781123,79.21659223,289,19554
627,790,709,709,1871.91,3.392281532,24.78622591,79.32060986,258,18733
628,791,710,710,2234.79,1.342237711,24.77664497,78.59207405,329,22981
629,792,711,711,1142.1,2.859259605,24.77665039,79.18104043,300,19882
630,794,713,713,1226.34,2.124790192,24.77318253,79.25515865,276,19557
631,796,715,715,2489.94,2.312856674,24.78882372,79.48981278,315,18085
632,797,716,716,2743.47,2.091408968,24.76890916,78.94687148,304,21021
633,798,717,717,2851.2,2.814336777,24.79234088,78.89460864,336,21016
634,803,722,722,1504.98,2.880922079,24.74433439,79.4789196,328,18584
635,804,723,723,1284.66,1.454263449,24.76660757,78.38191501,369,24121
636,805,724,724,1014.93,1.404739857,24.74984969,78.42775371,345,24293
637,806,725,725,230.04,1.417788386,24.75285914,78.92657064,321,21519
638,807,726,726,1444.23,2.905951262,24.7504877,79.44722066,314,18579
639,808,727,727,3017.25,2.855219841,24.77431538,79.05292527,311,20534
640,809,728,728,1142.1,2.549041271,24.74784022,79.29212756,270,19728
641,810,729,729,232.47,1.389258385,24.75285382,78.58410277,329,23477
642,811,730,730,2142.45,1.248236299,24.75001034,78.74021366,344,22663
643,812,731,731,2159.46,1.532961488,24.74611247,78.54687438,340,23641
644,813,732,732,1601.37,1.685522318,24.75124632,78.64937417,333,23152
645,814,733,733,863.46,1.235710382,24.76026321,78.77755343,332,22169
646,817,736,736,1007.64,1.546900868,24.73546672,78.6935887,342,22991
647,818,737,737,3743.82,2.316748858,24.75907792,79.37560122,277,19071
648,819,738,738,1090.26,3.883364916,24.74191128,79.43396613,333,18911
649,821,740,740,93.15,2.077558041,24.75463426,78.91225516,325,21683
650,825,744,744,1949.67,2.115582228,24.76295389,78.87366921,341,21679
651,826,745,745,1607.04,2.731286287,24.76002964,78.98859072,307,21027
652,828,747,747,1553.58,1.955129623,24.74392333,79.33929165,273,19567
653,829,748,748,2113.29,4.650950909,24.744891,79.25645393,274,19891
654,831,750,750,1511.46,1.449495077,24.74087115,78.80901379,349,22503
655,834,753,753,2089.8,2.514525414,24.74968316,79.5116026,337,18419
656,836,755,755,2647.89,1.563944817,24.73833473,78.3747602,365,24785
657,840,759,759,169.29,1.572309256,24.73828646,78.6646068,327,23154
658,842,761,761,2592.81,2.206331015,24.73644881,79.21045103,294,20385
659,843,762,762,462.51,2.194404602,24.73784379,78.899912,321,22014
660,844,763,763,1368.09,2.008491039,24.73143279,78.86178767,350,22343
661,846,765,765,1193.13,1.372999549,24.71543572,78.68989602,344,23655
662,847,766,766,3306.42,2.309118986,24.73093896,79.08449752,352,21036
663,848,767,767,2377.35,2.397675037,24.72042387,79.01300727,332,21694
664,850,769,769,1812.78,3.715781689,24.72207506,79.04785057,330,21365
665,852,771,771,619.65,2.039071798,24.7440461,79.31478701,263,19730
666,853,772,772,1961.01,2.392933846,24.71822531,78.92293683,329,22185
667,858,777,777,259.2,2.031667233,24.72496633,78.88869184,334,22346
668,859,778,778,4782.24,3.04959321,24.73496777,79.15634175,322,20711
669,860,779,779,1057.86,1.845946431,24.70705246,78.8743132,355,22677
670,861,780,780,1777.14,1.269933939,24.72619599,78.76448449,341,22998
671,863,782,782,1399.68,2.152821541,24.68964402,78.89661738,353,22846
672,864,783,783,1090.26,3.063072443,24.72214052,79.27684847,278,20226
673,865,784,784,187.92,2.051149845,24.72357186,79.30826861,272,20062
674,867,786,786,3631.23,1.461392641,24.72039782,78.44968097,347,24296
675,870,789,789,1728.54,1.205354452,24.71289276,78.81323198,348,22837
676,872,791,791,3566.43,1.396504283,24.70090507,78.38068002,362,25452
677,873,792,792,2784.78,1.503265977,24.69962172,78.66740698,346,23820
678,875,794,794,2442.15,3.57299757,24.71482834,79.41113251,297,19904
679,877,796,796,1520.37,1.90407145,24.71301955,79.35633804,278,19901
680,879,798,798,3163.05,3.696332932,24.7154228,78.97354018,344,22023
681,882,801,801,3078.81,1.356174588,24.72142725,78.60686037,335,23648
682,883,802,802,1164.78,1.254436612,24.68927638,78.63586225,350,24149
683,886,805,805,1585.17,2.839193583,24.69940466,79.26998231,284,20724
684,888,807,807,1837.08,1.170984745,24.69705267,78.73150968,345,23660
685,889,808,808,746.82,1.076240182,24.69324379,78.76950242,346,23331
686,894,813,813,722.52,1.35485661,24.69299989,78.79657276,347,23500
687,895,814,814,2382.21,1.105028749,24.68324762,78.84803165,353,23173
688,897,816,816,1539,1.673252225,24.68153429,78.41796511,358,25455
689,899,818,818,486,1.648145795,24.69298188,79.30961419,280,20229
690,901,820,820,599.4,1.123358488,24.67891801,78.61119163,341,24311
691,904,823,823,1335.69,2.188472509,24.66170059,78.9716261,358,22688
692,906,825,825,1385.91,1.193579435,24.66596279,78.57858781,350,24974
693,909,828,828,1958.58,1.350636125,24.65352112,78.44131089,366,25957
694,910,829,829,1277.37,0.999558806,24.63214869,78.4272485,365,26288
695,911,830,830,1526.04,2.241282463,24.69001282,79.3913672,294,20071
696,916,835,835,1210.95,1.121973395,24.66646251,78.7682637,344,23831
697,920,839,839,1189.89,1.103859544,24.66314986,78.64307361,356,24648
698,922,841,841,2292.3,1.92410171,24.6883317,79.34006574,280,20566
699,923,842,842,2761.29,1.402052879,24.65205619,78.37373275,371,26283
700,929,848,848,1192.32,1.185651302,24.64302416,78.57900206,355,25307
701,932,851,851,1586.79,3.865263224,24.64799291,79.40660842,312,20570
702,934,853,853,513.54,1.032688141,24.64724287,78.6140421,344,25143
703,935,854,854,2365.2,1.179188013,24.65147732,78.8334592,354,23838
704,936,855,855,8495.28,1.317481995,24.67801823,78.53934926,357,24804
705,938,857,857,4804.92,1.77138865,24.65485036,78.93752744,355,23016
706,947,866,866,1291.95,1.33878541,24.6207204,78.37560955,374,26948
707,949,868,868,1815.21,1.206914186,24.62061556,78.58091578,357,25806
708,956,875,875,1692.09,2.473809481,24.64411989,79.36709927,309,21067
709,960,879,879,1616.76,1.368710756,24.60841551,78.86290563,369,24505
710,962,881,881,2208.87,1.367119908,24.6030794,78.44914908,377,26790
711,963,882,882,2709.45,1.097908735,24.62406083,78.64255209,356,25480
712,964,883,883,4274.37,1.293620467,24.62469058,78.89451457,364,24010
713,969,888,888,3584.25,1.105232477,24.63056249,78.79509918,351,24498
714,970,889,889,1086.21,1.132104158,24.60181965,78.83113084,364,24668
715,973,892,892,1215,5.505421162,24.59804683,79.37194107,321,21732
716,976,895,895,2374.92,7.452747822,24.61162965,79.4039122,330,21401
717,980,899,899,800.28,1.401262283,24.60413915,78.40504379,364,26953
718,987,906,906,1265.22,1.249544859,24.59633317,78.36811749,377,27280
719,992,911,911,1607.85,1.112271309,24.57998534,78.64629589,360,26146
720,995,914,914,3543.75,3.594784021,24.6076922,79.33990836,309,21563
721,996,915,915,7515.18,1.142846465,24.63046256,78.70116527,352,24822
722,998,917,917,1477.44,1.146547675,24.58464123,78.81705824,360,25000
723,1001,920,920,773.55,1.373347282,24.58540855,78.42478507,370,27286
724,1002,921,921,2890.08,1.195227265,24.58892005,78.55809154,370,26303
725,1003,922,922,1778.76,1.221486449,24.58726861,78.61397679,354,25975
726,1004,923,923,1440.18,1.485974908,24.56163602,78.45041176,386,27456
727,1009,928,928,1560.06,1.147561908,24.56480766,78.72069415,364,25987
728,1010,929,929,289.98,1.320204973,24.57389228,78.69066904,357,25983
729,1016,935,935,5363.82,1.055525541,24.59490588,78.7536096,359,25325
730,1018,937,937,474.66,0.980841577,24.56498989,78.82068172,367,25333
731,1021,940,940,2340.9,1.214867234,24.56343513,78.86691881,379,25338
732,1025,944,944,1795.77,1.367168784,24.55101556,78.61318051,363,26808
733,1028,947,947,1554.39,1.348267078,24.54364768,78.43326186,391,27787
734,1030,949,949,2238.84,1.199158192,24.56002204,78.55035789,369,26968
735,1031,950,950,1140.48,1.120081782,24.56348798,78.79831336,368,25663
736,1037,956,956,1496.07,1.479145288,24.5468714,78.51422882,380,27462
737,1038,957,957,1227.15,1.188172817,24.53760418,78.84655297,373,25835
738,1040,959,959,2498.85,1.12027812,24.53515457,78.65762371,375,26813
739,1041,960,960,1440.99,1.104371786,24.53418249,78.779324,377,26160
740,1045,964,964,12704.04,1.351082563,24.66411056,78.48853248,364,25464
741,1050,969,969,851.31,1.171657681,24.54837891,78.68707938,362,26482
742,1052,971,971,3917.97,1.377127886,24.5592775,78.38048616,369,27780
743,1055,974,974,410.67,1.21939981,24.54030563,78.58714234,368,27137
744,1063,982,982,2401.65,1.115676045,24.52395456,78.72766393,373,26488
745,1067,986,986,1206.09,1.011642218,24.51499597,78.60440057,376,27306
746,1071,990,990,2555.55,1.896130681,24.51979676,78.34856974,379,28611
747,1074,993,993,750.87,1.300702453,24.52258946,78.39366416,376,28447
748,1076,995,995,1091.07,1.330398202,24.51599417,78.68326906,374,27148
749,1085,1004,1004,1197.99,1.134035945,24.50237224,78.61656617,377,27639
750,1087,1006,1006,2604.15,1.339447737,24.51638788,78.51879884,385,27795
751,1088,1007,1007,2021.76,1.151153803,24.51194843,78.83328042,379,26332
752,1098,1017,1017,159.57,1.676189661,24.51158717,78.70776743,365,26818
753,1112,1085,1085,4346.46,1.221631885,24.44026744,78.59660349,375,28468
754,1113,1086,1086,1009.26,1.210034132,24.39839262,78.60760809,393,29303
755,1115,1088,1088,4534.38,1.110496879,24.43633156,78.7991472,389,27826
756,1118,1091,1091,1652.4,1.34386003,24.41314189,78.73009244,394,28484
757,1125,1098,1098,763.02,1.182415128,24.41927657,78.68864953,384,28645
758,1128,1101,1101,1076.49,1.438471079,24.38414822,78.67543842,387,29309
759,1152,1125,1125,488.43,1.144852281,24.39941822,78.58617494,384,29466
760,1154,1127,1127,396.09,1.399636865,24.40339846,78.69986909,389,28814
761,1162,1135,1135,2783.16,4.517217159,24.38392341,78.53724468,409,29630
762,1176,1149,1149,3056.94,1.196708322,24.37559735,78.73613505,400,29149
763,1194,1167,1167,926.64,1.311322927,24.3696625,78.69881687,391,29478
764,1197,1170,1170,6296.13,2.742357016,24.38700882,78.64325052,394,29473
765,1224,1197,1197,2116.53,2.312509298,24.33983298,78.66348447,409,30140
766,1236,1209,1209,3905.01,6.065080643,24.34803053,78.58242641,467,29965
767,1245,1218,1218,422.01,1.678018332,24.32950139,78.69285818,403,30308
768,1258,1231,1231,2542.59,1.489631772,24.3302692,78.72187237,400,29979
